39	40	A1.1
41	41	A1.2
42	44	A1.3
45	60	A1.4
61	78	A1.5
79	79	A1.6
80	83	A1.7
84	84	A2.1
85	160	A2.2
161	199	A2.3
202	202	B1.1
203	206	B1.2
207	209	B1.3
210	238	B1.4
239	243	B1.5
244	245	B2.1
246	250	B2.2
251	282	B2.3
283	287	B2.4
288	294	B2.5
295	303	B2.6
304	308	B2.7
309	311	B2.8
312	315	B2.9
316	327	B2.10
328	330	B2.11
331	341	B2.12
344	344	C1.1
345	350	C1.2
351	353	C1.3
354	355	C1.4
356	358	C2.1
359	362	C2.2
363	375	C3.1
376	407	C3.2
408	417	C3.3
418	422	C3.4
423	428	C3.5
429	429	C3.6
430	438	C3.7
439	467	C3.8
468	492	C3.9
493	520	C3.10
521	542	C3.11
543	914	C4.1
915	934	C5.1
935	1064	C5.2
1065	1151	C5.3
1152	1183	C5.4
1184	1744	C5.5
1745	1761	C5.6
1762	1766	C5.7
1767	1768	C5.8
1769	1778	C5.9
1779	1783	C5.10
1784	1786	C6.1
1787	2873	C6.2
2874	2876	C7.1
2877	4033	C7.2
4034	4034	C8.1
4035	4035	C8.2
4036	4037	C8.2.1
4038	4039	C8.2.2
4040	4041	C8.2.3
4042	4043	C8.2.4
4044	4045	C8.2.5
4046	4047	C8.2.6
4048	4049	C8.2.7
4050	4051	C8.2.8
4052	4053	C8.2.9
4054	4054	C8.2.10
4055	4056	C8.2.11
4057	4057	C8.2.12
4058	4059	C8.2.13
4060	4060	C8.2.14
4061	4063	C8.2.15
4064	4065	C8.2.16
4066	4067	C8.2.17
4068	4069	C8.2.18
4070	4071	C8.2.19
4072	4073	C8.2.20
4074	4075	C8.2.21
4076	4076	C8.2.22
4077	4077	C8.2.23
4078	4079	C8.2.24
4080	4081	C8.2.25
4082	4083	C8.2.26
4084	4084	C8.2.27
4085	4086	C8.2.28
4087	4088	C8.2.29
4089	4090	C8.2.30
4091	4092	C8.2.31
4093	4094	C8.2.32
4095	4096	C8.2.33
4097	4098	C8.2.34
4099	4100	C8.2.35
4101	4102	C8.2.36
4103	4104	C8.2.37
4105	4106	C8.2.38
4107	4108	C8.2.39
4109	4110	C8.2.40
4111	4112	C8.2.41
4113	4114	C8.2.42
4115	4116	C8.2.43
4117	4117	C8.2.44
4118	4119	C8.2.45
4120	4121	C8.2.46
4122	4122	C8.2.47
4123	4124	C8.2.48
4125	4126	C8.2.49
4127	4128	C8.2.50
4129	4130	C8.2.51
4131	4132	C8.2.52
4133	4134	C8.2.53
4135	4136	C8.2.54
4137	4138	C8.2.55
4139	4140	C8.2.56
4141	4142	C8.2.57
4143	4144	C8.2.58
4145	4146	C8.2.59
4147	4148	C8.2.60
4149	4150	C8.2.61
4151	4152	C8.2.62
4153	4154	C8.2.63
4155	4156	C8.2.64
4157	4158	C8.2.65
4159	4160	C8.2.66
4161	4162	C8.2.67
4163	4164	C8.2.68
4165	4165	C8.2.69
4166	4167	C8.2.70
4168	4169	C8.2.71
4170	4171	C8.2.72
4172	4172	C8.2.73
4173	4174	C8.2.74
4175	4176	C8.2.75
4177	4178	C8.2.76
4179	4180	C8.2.77
4181	4181	C8.2.78
4182	4183	C8.2.79
4184	4185	C8.2.80
4186	4187	C8.2.81
4188	4189	C8.2.82
4190	4191	C8.2.83
4192	4192	C8.2.84
4193	4194	C8.2.85
4195	4196	C8.2.86
4197	4198	C8.2.87
4199	4200	C8.2.88
4201	4202	C8.2.89
4203	4204	C8.2.90
4205	4206	C8.2.91
4207	4208	C8.2.92
4209	4210	C8.2.93
4211	4213	C8.2.94
4214	4216	C8.2.95
4217	4218	C8.2.96
4219	4220	C8.2.97
4221	4222	C8.2.98
4223	4224	C8.2.99
4225	4226	C8.2.100
4227	4228	C8.2.101
4229	4230	C8.2.102
4231	4232	C8.2.103
4233	4235	C8.2.104
4236	4238	C8.2.105
4239	4245	C8.2.106
4246	4252	C8.2.107
4253	4257	C8.2.108
4258	4259	C8.2.109
4260	4261	C8.2.110
4262	4263	C8.2.111
4264	4265	C8.2.112
4266	4267	C8.2.113
4268	4269	C8.2.114
4270	4272	C8.2.115
4273	4274	C8.2.116
4275	4276	C8.2.117
4277	4278	C8.2.118
4279	4280	C8.2.119
4281	4283	C8.2.120
4284	4285	C8.2.121
4286	4287	C8.2.122
4288	4289	C8.2.123
4290	4292	C8.2.124
4293	4295	C8.2.125
4296	4297	C8.2.126
4298	4299	C8.2.127
4300	4301	C8.2.128
4302	4303	C8.2.129
4304	4305	C8.2.130
4306	4307	C8.2.131
4308	4309	C8.2.132
4310	4311	C8.2.133
4312	4313	C8.2.134
4314	4315	C8.2.135
4316	4317	C8.2.136
4318	4319	C8.2.137
4320	4320	C8.2.138
4321	4322	C8.2.139
4323	4324	C8.2.140
4325	4326	C8.2.141
4327	4328	C8.2.142
4329	4330	C8.2.143
4331	4332	C8.2.144
4333	4334	C8.2.145
4335	4336	C8.2.146
4337	4338	C8.2.147
4339	4340	C8.2.148
4341	4342	C8.2.149
4343	4344	C8.2.150
4345	4347	C8.2.151
4348	4349	C8.2.152
4350	4351	C8.2.153
4352	4353	C8.2.154
4354	4355	C8.2.155
4356	4357	C8.2.156
4358	4359	C8.2.157
4360	4361	C8.2.158
4362	4363	C8.2.159
4364	4365	C8.2.160
4366	4367	C8.2.161
4368	4369	C8.2.162
4370	4371	C8.2.163
4372	4373	C8.2.164
4374	4377	C8.2.165
4378	4381	C8.2.166
4382	4384	C8.2.167
4385	4387	C8.2.168
4388	4389	C8.2.169
4390	4391	C8.2.170
4392	4393	C8.2.171
4394	4400	C8.2.172
4401	4403	C8.2.173
4404	4404	C8.2.174
4405	4405	C8.2.175
4406	4406	C8.2.176
4407	4409	C8.2.177
4410	4411	C8.2.178
4412	4413	C8.2.179
4414	4421	C8.2.180
4422	4429	C8.2.181
4430	4431	C8.2.182
4432	4433	C8.2.183
4434	4435	C8.2.184
4436	4437	C8.2.185
4438	4439	C8.2.186
4440	4441	C8.2.187
4442	4443	C8.2.188
4444	4445	C8.2.189
4446	4447	C8.2.190
4448	4449	C8.2.191
4450	4451	C8.2.192
4452	4454	C8.2.193
4455	4456	C8.2.194
4457	4458	C8.2.195
4459	4460	C8.2.196
4461	4462	C8.2.197
4463	4464	C8.2.198
4465	4466	C8.2.199
4467	4468	C8.2.200
4469	4470	C8.2.201
4471	4472	C8.2.202
4473	4474	C8.2.203
4475	4476	C8.2.204
4477	4478	C8.2.205
4479	4480	C8.2.206
4481	4482	C8.2.207
4483	4484	C8.2.208
4485	4486	C8.2.209
4487	4488	C8.2.210
4489	4490	C8.2.211
4491	4492	C8.2.212
4493	4494	C8.2.213
4495	4496	C8.2.214
4497	4498	C8.2.215
4499	4501	C8.2.216
4502	4503	C8.2.217
4504	4505	C8.2.218
4506	4507	C8.2.219
4508	4509	C8.2.220
4510	4511	C8.2.221
4512	4513	C8.2.222
4514	4515	C8.2.223
4516	4517	C8.2.224
4518	4519	C8.2.225
4520	4521	C8.2.226
4522	4523	C8.2.227
4524	4525	C8.2.228
4526	4527	C8.2.229
4528	4529	C8.2.230
4530	4531	C8.2.231
4532	4533	C8.2.232
4534	4535	C8.2.233
4536	4538	C8.2.234
4539	4540	C8.2.235
4541	4542	C8.2.236
4543	4544	C8.2.237
4545	4546	C8.2.238
4547	4548	C8.2.239
4549	4550	C8.2.240
4551	4552	C8.2.241
4553	4554	C8.2.242
4555	4555	C8.2.243
4556	4556	C8.2.244
4557	4558	C8.2.245
4559	4559	C8.2.246
4560	4561	C8.2.247
4562	4563	C8.2.248
4564	4565	C8.2.249
4566	4567	C8.2.250
4568	4570	C8.2.251
4571	4572	C8.2.252
4573	4574	C8.2.253
4575	4576	C8.2.254
4577	4578	C8.2.255
4579	4580	C8.2.256
4581	4582	C8.2.257
4583	4584	C8.2.258
4585	4586	C8.2.259
4587	4588	C8.2.260
4589	4591	C8.2.261
4592	4594	C8.2.262
4595	4597	C8.2.263
4598	4600	C8.2.264
4601	4609	C8.2.265
4610	4611	C8.2.266
4612	4613	C8.2.267
4614	4615	C8.2.268
4616	4617	C8.2.269
4618	4619	C8.2.270
4620	4621	C8.2.271
4622	4623	C8.2.272
4624	4625	C8.2.273
4626	4627	C8.2.274
4628	4631	C8.2.275
4632	4633	C8.2.276
4634	4635	C8.2.277
4636	4637	C8.2.278
4638	4639	C8.2.279
4640	4642	C8.2.280
4643	4645	C8.2.281
4646	4647	C8.2.282
4648	4649	C8.2.283
4650	4651	C8.2.284
4652	4653	C8.2.285
4654	4655	C8.2.286
4656	4657	C8.2.287
4658	4659	C8.2.288
4660	4661	C8.2.289
4662	4663	C8.2.290
4664	4665	C8.2.291
4666	4667	C8.2.292
4668	4669	C8.2.293
4670	4671	C8.2.294
4672	4674	C8.2.295
4675	4677	C8.2.296
4678	4679	C8.2.297
4680	4683	C8.2.298
4684	4687	C8.2.299
4688	4690	C8.2.300
4691	4693	C8.2.301
4694	4696	C8.2.302
4697	4698	C8.2.303
4699	4701	C8.2.304
4702	4704	C8.2.305
4705	4708	C8.2.306
4709	4711	C8.2.307
4712	4714	C8.2.308
4715	4716	C8.2.309
4717	4719	C8.2.310
4720	4722	C8.2.311
4723	4727	C8.2.312
4728	4729	C8.2.313
4730	4733	C8.2.314
4734	4735	C8.2.315
4736	4738	C8.2.316
4739	4740	C8.2.317
4741	4742	C8.2.318
4743	4744	C8.2.319
4745	4746	C8.2.320
4747	4748	C8.2.321
4749	4750	C8.2.322
4751	4752	C8.2.323
4753	4754	C8.2.324
4755	4756	C8.2.325
4757	4758	C8.2.326
4759	4760	C8.2.327
4761	4762	C8.2.328
4763	4764	C8.2.329
4765	4766	C8.2.330
4767	4768	C8.2.331
4769	4770	C8.2.332
4771	4773	C8.2.333
4774	4776	C8.2.334
4777	4778	C8.2.335
4779	4781	C8.2.336
4782	4783	C8.2.337
4784	4786	C8.2.338
4787	4789	C8.2.339
4790	4792	C8.2.340
4793	4794	C8.2.341
4795	4797	C8.2.342
4798	4800	C8.2.343
4801	4805	C8.2.344
4806	4807	C8.2.345
4808	4809	C8.2.346
4810	4811	C8.2.347
4812	4815	C8.2.348
4816	4818	C8.2.349
4819	4821	C8.2.350
4822	4823	C8.2.351
4824	4826	C8.2.352
4827	4829	C8.2.353
4830	4834	C8.2.354
4835	4836	C8.2.355
4837	4838	C8.2.356
4839	4840	C8.2.357
4841	4842	C8.2.358
4843	4844	C8.2.359
4845	4846	C8.2.360
4847	4848	C8.2.361
4849	4850	C8.2.362
4851	4852	C8.2.363
4853	4854	C8.2.364
4855	4856	C8.2.365
4857	4858	C8.2.366
4859	4860	C8.2.367
4861	4862	C8.2.368
4863	4864	C8.2.369
4865	4866	C8.2.370
4867	4868	C8.2.371
4869	4870	C8.2.372
4871	4872	C8.2.373
4873	4874	C8.2.374
4875	4876	C8.2.375
4877	4878	C8.2.376
4879	4880	C8.2.377
4881	4882	C8.2.378
4883	4884	C8.2.379
4885	4886	C8.2.380
4887	4888	C8.2.381
4889	4890	C8.2.382
4891	4892	C8.2.383
4893	4894	C8.2.384
4895	4897	C8.2.385
4898	4901	C8.2.386
4902	4905	C8.2.387
4906	4907	C8.2.388
4908	4909	C8.2.389
4910	4913	C8.2.390
4914	4916	C8.2.391
4917	4919	C8.2.392
4920	4924	C8.2.393
4925	4927	C8.2.394
4928	4930	C8.2.395
4931	4934	C8.2.396
4935	4937	C8.2.397
4938	4940	C8.2.398
4941	4945	C8.2.399
4946	4947	C8.2.400
4948	4949	C8.2.401
4950	4953	C8.2.402
4954	4956	C8.2.403
4957	4959	C8.2.404
4960	4964	C8.2.405
4965	4968	C8.2.406
4969	4970	C8.2.407
4971	4973	C8.2.408
4974	4976	C8.2.409
4977	4979	C8.2.410
4980	4981	C8.2.411
4982	4984	C8.2.412
4985	4987	C8.2.413
4988	4990	C8.2.414
4991	4992	C8.2.415
4993	4994	C8.2.416
4995	4996	C8.2.417
4997	4999	C8.2.418
5000	5002	C8.2.419
5003	5004	C8.2.420
5005	5006	C8.2.421
5007	5008	C8.2.422
5009	5011	C8.2.423
5012	5014	C8.2.424
5015	5016	C8.2.425
5017	5018	C8.2.426
5019	5020	C8.2.427
5021	5022	C8.2.428
5023	5024	C8.2.429
5025	5026	C8.2.430
5027	5029	C8.2.431
5030	5032	C8.2.432
5033	5034	C8.2.433
5035	5036	C8.2.434
5037	5038	C8.2.435
5039	5040	C8.2.436
5041	5042	C8.2.437
5043	5044	C8.2.438
5045	5046	C8.2.439
5047	5048	C8.2.440
5049	5050	C8.2.441
5051	5052	C8.2.442
5053	5054	C8.2.443
5055	5056	C8.2.444
5057	5058	C8.2.445
5059	5060	C8.2.446
5061	5062	C8.2.447
5063	5064	C8.2.448
5065	5066	C8.2.449
5067	5068	C8.2.450
5069	5071	C8.2.451
5072	5073	C8.2.452
5074	5075	C8.2.453
5076	5077	C8.2.454
5078	5079	C8.2.455
5080	5082	C8.2.456
5083	5084	C8.2.457
5085	5086	C8.2.458
5087	5089	C8.2.459
5090	5090	C8.2.460
5091	5092	C8.2.461
5093	5094	C8.2.462
5095	5096	C8.2.463
5097	5098	C8.2.464
5099	5100	C8.2.465
5101	5102	C8.2.466
5103	5104	C8.2.467
5105	5106	C8.2.468
5107	5107	C8.2.469
5108	5108	C8.2.470
5109	5109	C8.2.471
5110	5111	C8.2.472
5112	5113	C8.2.473
5114	5114	C8.2.474
5115	5115	C8.2.475
5116	5116	C8.2.476
5117	5118	C8.2.477
5119	5120	C8.2.478
5121	5122	C8.2.479
5123	5124	C8.2.480
5125	5127	C8.2.481
5128	5129	C8.2.482
5130	5131	C8.2.483
5132	5133	C8.2.484
5134	5135	C8.2.485
5136	5137	C8.2.486
5138	5139	C8.2.487
5140	5141	C8.2.488
5142	5142	C8.2.489
5143	5144	C8.2.490
5145	5145	C8.2.491
5146	5147	C8.2.492
5148	5149	C8.2.493
5150	5151	C8.2.494
5152	5153	C8.2.495
5154	5155	C8.2.496
5156	5157	C8.2.497
5158	5159	C8.2.498
5160	5161	C8.2.499
5162	5163	C8.2.500
5164	5165	C8.2.501
5166	5167	C8.2.502
5168	5169	C8.2.503
5170	5170	C8.2.504
5171	5172	C8.2.505
5173	5174	C8.2.506
5175	5177	C8.2.507
5178	5180	C8.2.508
5181	5181	C8.2.509
5182	5183	C8.2.510
5184	5186	C8.2.511
5187	5189	C8.2.512
5190	5191	C8.2.513
5192	5194	C8.2.514
5195	5196	C8.2.515
5197	5198	C8.2.516
5199	5202	C8.2.517
5203	5205	C8.2.518
5206	5207	C8.2.519
5208	5209	C8.2.520
5210	5213	C8.2.521
5214	5216	C8.2.522
5217	5218	C8.2.523
5219	5220	C8.2.524
5221	5224	C8.2.525
5225	5227	C8.2.526
5228	5229	C8.2.527
5230	5231	C8.2.528
5232	5235	C8.2.529
5236	5237	C8.2.530
5238	5238	C8.2.531
5239	5240	C8.2.532
5241	5241	C8.2.533
5242	5244	C8.2.534
5245	5246	C8.2.535
5247	5248	C8.2.536
5249	5250	C8.2.537
5251	5252	C8.2.538
5253	5254	C8.2.539
5255	5255	C8.2.540
5256	5256	C8.2.541
5257	5257	C8.2.542
5258	5258	C8.2.543
5259	5259	C8.2.544
5260	5260	C8.2.545
5261	5265	C8.2.546
5266	5267	C8.2.547
5268	5269	C8.2.548
5270	5271	C8.2.549
5272	5273	C8.2.550
5274	5275	C8.2.551
5276	5277	C8.2.552
5278	5279	C8.2.553
5280	5281	C8.2.554
5282	5283	C8.2.555
5284	5285	C8.2.556
5286	5287	C8.2.557
5288	5289	C8.2.558
5290	5291	C8.2.559
5292	5293	C8.2.560
5294	5295	C8.2.561
5296	5297	C8.2.562
5298	5299	C8.2.563
5300	5301	C8.2.564
5302	5303	C8.2.565
5304	5305	C8.2.566
5306	5307	C8.2.567
5308	5315	C8.2.568
5316	5317	C8.2.569
5318	5319	C8.2.570
5320	5321	C8.2.571
5322	5323	C8.2.572
5324	5325	C8.2.573
5326	5328	C8.2.574
5329	5330	C8.2.575
5331	5332	C8.2.576
5333	5333	C8.2.577
5334	5335	C8.2.578
5336	5337	C8.2.579
5338	5339	C8.2.580
5340	5341	C8.2.581
5342	5343	C8.2.582
5344	5345	C8.2.583
5346	5347	C8.2.584
5348	5349	C8.2.585
5350	5351	C8.2.586
5352	5353	C8.2.587
5354	5355	C8.2.588
5356	5357	C8.2.589
5358	5359	C8.2.590
5360	5361	C8.2.591
5362	5363	C8.2.592
5364	5365	C8.2.593
5366	5367	C8.2.594
5368	5369	C8.2.595
5370	5371	C8.2.596
5372	5373	C8.2.597
5374	5375	C8.2.598
5376	5377	C8.2.599
5378	5379	C8.2.600
5380	5381	C8.2.601
5382	5383	C8.2.602
5384	5385	C8.2.603
5386	5387	C8.2.604
5388	5389	C8.2.605
5390	5391	C8.2.606
5392	5393	C8.2.607
5394	5395	C8.2.608
5396	5397	C8.2.609
5398	5399	C8.2.610
5400	5402	C8.2.611
5403	5404	C8.2.612
5405	5406	C8.2.613
5407	5408	C8.2.614
5409	5410	C8.2.615
5411	5412	C8.2.616
5413	5413	C8.2.617
5414	5414	C8.2.618
5415	5417	C8.2.619
5418	5420	C8.2.620
5421	5423	C8.2.621
5424	5426	C8.2.622
5427	5429	C8.2.623
5430	5431	C8.2.624
5432	5433	C8.2.625
5434	5436	C8.2.626
5437	5439	C8.2.627
5440	5441	C8.2.628
5442	5443	C8.2.629
5444	5445	C8.2.630
5446	5447	C8.2.631
5448	5449	C8.2.632
5450	5451	C8.2.633
5452	5453	C8.2.634
5454	5455	C8.2.635
5456	5457	C8.2.636
5458	5459	C8.2.637
5460	5461	C8.2.638
5462	5464	C8.2.639
5465	5466	C8.2.640
5467	5468	C8.2.641
5469	5470	C8.2.642
5471	5472	C8.2.643
5473	5475	C8.2.644
5476	5478	C8.2.645
5479	5481	C8.2.646
5482	5484	C8.2.647
5485	5487	C8.2.648
5488	5489	C8.2.649
5490	5491	C8.2.650
5492	5494	C8.2.651
5495	5497	C8.2.652
5498	5499	C8.2.653
5500	5502	C8.2.654
5503	5505	C8.2.655
5506	5507	C8.2.656
5508	5510	C8.2.657
5511	5512	C8.2.658
5513	5515	C8.2.659
5516	5517	C8.2.660
5518	5520	C8.2.661
5521	5522	C8.2.662
5523	5524	C8.2.663
5525	5526	C8.2.664
5527	5528	C8.2.665
5529	5530	C8.2.666
5531	5532	C8.2.667
5533	5534	C8.2.668
5535	5536	C8.2.669
5537	5538	C8.2.670
5539	5540	C8.2.671
5541	5542	C8.2.672
5543	5544	C8.2.673
5545	5546	C8.2.674
5547	5548	C8.2.675
5549	5550	C8.2.676
5551	5552	C8.2.677
5553	5554	C8.2.678
5555	5556	C8.2.679
5557	5558	C8.2.680
5559	5560	C8.2.681
5561	5562	C8.2.682
5563	5564	C8.2.683
5565	5566	C8.2.684
5567	5568	C8.2.685
5569	5570	C8.2.686
5571	5572	C8.2.687
5573	5574	C8.2.688
5575	5576	C8.2.689
5577	5578	C8.2.690
5579	5580	C8.2.691
5581	5582	C8.2.692
5583	5584	C8.2.693
5585	5586	C8.2.694
5587	5588	C8.2.695
5589	5590	C8.2.696
5591	5592	C8.2.697
5593	5594	C8.2.698
5595	5596	C8.2.699
5597	5598	C8.2.700
5599	5601	C8.2.701
5602	5604	C8.2.702
5605	5606	C8.2.703
5607	5608	C8.2.704
5609	5610	C8.2.705
5611	5613	C8.2.706
5614	5616	C8.2.707
5617	5619	C8.2.708
5620	5621	C8.2.709
5622	5623	C8.2.710
5624	5625	C8.2.711
5626	5629	C8.2.712
5630	5632	C8.2.713
5633	5635	C8.2.714
5636	5637	C8.2.715
5638	5639	C8.2.716
5640	5641	C8.2.717
5642	5646	C8.2.718
5647	5648	C8.2.719
5649	5651	C8.2.720
5652	5654	C8.2.721
5655	5656	C8.2.722
5657	5658	C8.2.723
5659	5661	C8.2.724
5662	5666	C8.2.725
5667	5668	C8.2.726
5669	5670	C8.2.727
5671	5672	C8.2.728
5673	5674	C8.2.729
5675	5676	C8.2.730
5677	5678	C8.2.731
5679	5680	C8.2.732
5681	5682	C8.2.733
5683	5684	C8.2.734
5685	5686	C8.2.735
5687	5688	C8.2.736
5689	5690	C8.2.737
5691	5692	C8.2.738
5693	5694	C8.2.739
5695	5696	C8.2.740
5697	5698	C8.2.741
5699	5700	C8.2.742
5701	5702	C8.2.743
5703	5704	C8.2.744
5705	5706	C8.2.745
5707	5708	C8.2.746
5709	5710	C8.2.747
5711	5712	C8.2.748
5713	5714	C8.2.749
5715	5716	C8.2.750
5717	5718	C8.2.751
5719	5720	C8.2.752
5721	5722	C8.2.753
5723	5724	C8.2.754
5725	5726	C8.2.755
5727	5729	C8.2.756
5730	5732	C8.2.757
5733	5734	C8.2.758
5735	5736	C8.2.759
5737	5738	C8.2.760
5739	5741	C8.2.761
5742	5744	C8.2.762
5745	5746	C8.2.763
5747	5748	C8.2.764
5749	5750	C8.2.765
5751	5753	C8.2.766
5754	5756	C8.2.767
5757	5758	C8.2.768
5759	5760	C8.2.769
5761	5762	C8.2.770
5763	5765	C8.2.771
5766	5768	C8.2.772
5769	5770	C8.2.773
5771	5772	C8.2.774
5773	5774	C8.2.775
5775	5776	C8.2.776
5777	5778	C8.2.777
5779	5780	C8.2.778
5781	5782	C8.2.779
5783	5784	C8.2.780
5785	5786	C8.2.781
5787	5788	C8.2.782
5789	5790	C8.2.783
5791	5791	C8.2.784
5792	5793	C8.2.785
5794	5795	C8.2.786
5796	5797	C8.2.787
5798	5799	C8.2.788
5800	5801	C8.2.789
5802	5806	C8.2.790
5807	5808	C8.2.791
5809	5810	C8.2.792
5811	5812	C8.2.793
5813	5814	C8.2.794
5815	5816	C8.2.795
5817	5819	C8.2.796
5820	5821	C8.2.797
5822	5823	C8.2.798
5824	5825	C8.2.799
5826	5827	C8.2.800
5828	5829	C8.2.801
5830	5831	C8.2.802
5832	5833	C8.2.803
5834	5835	C8.2.804
5836	5837	C8.2.805
5838	5839	C8.2.806
5840	5841	C8.2.807
5842	5843	C8.2.808
5844	5845	C8.2.809
5846	5853	C8.2.810
5854	5855	C8.2.811
5856	5857	C8.2.812
5858	5859	C8.2.813
5860	5861	C8.2.814
5862	5863	C8.2.815
5864	5866	C8.2.816
5867	5868	C8.2.817
5869	5870	C8.2.818
5871	5872	C8.2.819
5873	5874	C8.2.820
5875	5876	C8.2.821
5877	5878	C8.2.822
5879	5880	C8.2.823
5881	5882	C8.2.824
5883	5884	C8.2.825
5885	5886	C8.2.826
5887	5888	C8.2.827
5889	5890	C8.2.828
5891	5892	C8.2.829
5893	5894	C8.2.830
5895	5896	C8.2.831
5897	5898	C8.2.832
5899	5900	C8.2.833
5901	5902	C8.2.834
5903	5904	C8.2.835
5905	5906	C8.2.836
5907	5908	C8.2.837
5909	5910	C8.2.838
5911	5912	C8.2.839
5913	5914	C8.2.840
5915	5916	C8.2.841
5917	5918	C8.2.842
5919	5920	C8.2.843
5921	5922	C8.2.844
5923	5924	C8.2.845
5925	5926	C8.2.846
5927	5928	C8.2.847
5929	5929	C8.2.848
5930	5932	C8.2.849
5933	5935	C8.2.850
5936	5938	C8.2.851
5939	5941	C8.2.852
5942	5944	C8.2.853
5945	5946	C8.2.854
5947	5948	C8.2.855
5949	5951	C8.2.856
5952	5954	C8.2.857
5955	5957	C8.2.858
5958	5960	C8.2.859
5961	5963	C8.2.860
5964	5966	C8.2.861
5967	5969	C8.2.862
5970	5971	C8.2.863
5972	5973	C8.2.864
5974	5976	C8.2.865
5977	5979	C8.2.866
5980	5981	C8.2.867
5982	5983	C8.2.868
5984	5985	C8.2.869
5986	5987	C8.2.870
5988	5989	C8.2.871
5990	5991	C8.2.872
5992	5993	C8.2.873
5994	5995	C8.2.874
5996	5997	C8.2.875
5998	5999	C8.2.876
6000	6001	C8.2.877
6002	6003	C8.2.878
6004	6005	C8.2.879
6006	6007	C8.2.880
6008	6009	C8.2.881
6010	6011	C8.2.882
6012	6013	C8.2.883
6014	6015	C8.2.884
6016	6017	C8.2.885
6018	6019	C8.2.886
6020	6021	C8.2.887
6022	6023	C8.2.888
6024	6025	C8.2.889
6026	6027	C8.2.890
6028	6029	C8.2.891
6030	6031	C8.2.892
6032	6033	C8.2.893
6034	6035	C8.2.894
6036	6037	C8.2.895
6038	6039	C8.2.896
6040	6041	C8.2.897
6042	6043	C8.2.898
6044	6045	C8.2.899
6046	6047	C8.2.900
6048	6049	C8.2.901
6050	6054	C8.2.902
6055	6056	C8.2.903
6057	6059	C8.2.904
6060	6061	C8.2.905
6062	6063	C8.2.906
6064	6065	C8.2.907
6066	6067	C8.2.908
6068	6069	C8.2.909
6070	6071	C8.2.910
6072	6073	C8.2.911
6074	6075	C8.2.912
6076	6077	C8.2.913
6078	6079	C8.2.914
6080	6081	C8.2.915
6082	6083	C8.2.916
6084	6085	C8.2.917
6086	6087	C8.2.918
6088	6089	C8.2.919
6090	6091	C8.2.920
6092	6093	C8.2.921
6094	6095	C8.2.922
6096	6097	C8.2.923
6098	6099	C8.2.924
6100	6101	C8.2.925
6102	6103	C8.2.926
6104	6105	C8.2.927
6106	6107	C8.2.928
6108	6109	C8.2.929
6110	6111	C8.2.930
6112	6113	C8.2.931
6114	6115	C8.2.932
6116	6116	C8.2.933
6117	6118	C8.2.934
6119	6120	C8.2.935
6121	6123	C8.2.936
6124	6125	C8.2.937
6126	6127	C8.2.938
6129	6129	C9.1
6130	6130	C9.2
6131	6132	C9.2.1
6133	6135	C9.2.2
6136	6138	C9.2.3
6139	6141	C9.2.4
6142	6143	C9.2.5
6144	6144	C9.2.6
6145	6145	C9.2.7
6146	6147	C9.2.8
6148	6149	C9.2.9
6150	6151	C9.2.10
6152	6153	C9.2.11
6154	6155	C9.2.12
6156	6156	C9.2.13
6157	6157	C9.2.14
6158	6158	C9.2.15
6159	6161	C9.2.16
6162	6163	C9.2.17
6164	6166	C9.2.18
6167	6168	C9.2.19
6169	6170	C9.2.20
6171	6172	C9.2.21
6173	6174	C9.2.22
6175	6176	C9.2.23
6177	6178	C9.2.24
6179	6180	C9.2.25
6181	6182	C9.2.26
6183	6185	C9.2.27
6186	6187	C9.2.28
6188	6190	C9.2.29
6191	6193	C9.2.30
6194	6196	C9.2.31
6197	6199	C9.2.32
6200	6202	C9.2.33
6203	6204	C9.2.34
6205	6207	C9.2.35
6208	6210	C9.2.36
6211	6213	C9.2.37
6214	6216	C9.2.38
6217	6220	C9.2.39
6221	6224	C9.2.40
6225	6228	C9.2.41
6229	6232	C9.2.42
6233	6234	C9.2.43
6235	6236	C9.2.44
6237	6238	C9.2.45
6239	6240	C9.2.46
6241	6242	C9.2.47
6243	6245	C9.2.48
6246	6247	C9.2.49
6248	6249	C9.2.50
6250	6251	C9.2.51
6252	6253	C9.2.52
6254	6255	C9.2.53
6256	6257	C9.2.54
6258	6259	C9.2.55
6260	6261	C9.2.56
6262	6263	C9.2.57
6264	6265	C9.2.58
6266	6268	C9.2.59
6269	6271	C9.2.60
6272	6274	C9.2.61
6275	6277	C9.2.62
6278	6278	C9.2.63
6279	6279	C9.2.64
6280	6281	C9.2.65
6282	6282	C9.2.66
6283	6284	C9.2.67
6285	6286	C9.2.68
6287	6287	C9.2.69
6288	6289	C9.2.70
6290	6291	C9.2.71
6292	6294	C9.2.72
6295	6296	C9.2.73
6297	6299	C9.2.74
6300	6302	C9.2.75
6303	6304	C9.2.76
6305	6307	C9.2.77
6308	6310	C9.2.78
6311	6312	C9.2.79
6313	6315	C9.2.80
6316	6317	C9.2.81
6318	6320	C9.2.82
6321	6322	C9.2.83
6323	6325	C9.2.84
6326	6327	C9.2.85
6328	6330	C9.2.86
6331	6332	C9.2.87
6333	6335	C9.2.88
6336	6340	C9.2.89
6341	6343	C9.2.90
6344	6347	C9.2.91
6348	6350	C9.2.92
6351	6353	C9.2.93
6354	6356	C9.2.94
6357	6359	C9.2.95
6360	6362	C9.2.96
6363	6365	C9.2.97
6366	6368	C9.2.98
6369	6371	C9.2.99
6372	6374	C9.2.100
6375	6379	C9.2.101
6380	6382	C9.2.102
6383	6386	C9.2.103
6387	6389	C9.2.104
6390	6392	C9.2.105
6393	6395	C9.2.106
6396	6399	C9.2.107
6400	6403	C9.2.108
6404	6407	C9.2.109
6408	6415	C9.2.110
6416	6419	C9.2.111
6420	6427	C9.2.112
6428	6429	C9.2.113
6430	6431	C9.2.114
6432	6433	C9.2.115
6434	6436	C9.2.116
6437	6438	C9.2.117
6439	6441	C9.2.118
6442	6444	C9.2.119
6445	6447	C9.2.120
6448	6449	C9.2.121
6450	6451	C9.2.122
6452	6453	C9.2.123
6454	6455	C9.2.124
6456	6457	C9.2.125
6458	6460	C9.2.126
6461	6463	C9.2.127
6464	6465	C9.2.128
6466	6467	C9.2.129
6468	6469	C9.2.130
6470	6472	C9.2.131
6473	6474	C9.2.132
6475	6476	C9.2.133
6477	6478	C9.2.134
6479	6480	C9.2.135
6481	6483	C9.2.136
6484	6486	C9.2.137
6487	6488	C9.2.138
6489	6491	C9.2.139
6492	6494	C9.2.140
6495	6496	C9.2.141
6497	6499	C9.2.142
6500	6502	C9.2.143
6503	6504	C9.2.144
6505	6506	C9.2.145
6507	6509	C9.2.146
6510	6512	C9.2.147
6513	6514	C9.2.148
6515	6517	C9.2.149
6518	6520	C9.2.150
6521	6523	C9.2.151
6524	6526	C9.2.152
6527	6529	C9.2.153
6530	6532	C9.2.154
6533	6535	C9.2.155
6536	6538	C9.2.156
6539	6540	C9.2.157
6541	6542	C9.2.158
6543	6545	C9.2.159
6546	6548	C9.2.160
6549	6550	C9.2.161
6551	6553	C9.2.162
6554	6555	C9.2.163
6556	6558	C9.2.164
6559	6560	C9.2.165
6561	6563	C9.2.166
6564	6566	C9.2.167
6567	6568	C9.2.168
6569	6570	C9.2.169
6571	6573	C9.2.170
6574	6576	C9.2.171
6577	6579	C9.2.172
6580	6580	C9.2.173
6581	6581	C9.2.174
6582	6584	C9.2.175
6585	6588	C9.2.176
6589	6592	C9.2.177
6593	6594	C9.2.178
6595	6596	C9.2.179
6597	6600	C9.2.180
6601	6604	C9.2.181
6605	6608	C9.2.182
6609	6610	C9.2.183
6611	6612	C9.2.184
6613	6616	C9.2.185
6617	6620	C9.2.186
6621	6623	C9.2.187
6624	6625	C9.2.188
6626	6627	C9.2.189
6628	6631	C9.2.190
6632	6632	C9.2.191
6633	6633	C9.2.192
6634	6634	C9.2.193
6635	6635	C9.2.194
6636	6637	C9.2.195
6638	6639	C9.2.196
6640	6642	C9.2.197
6643	6644	C9.2.198
6645	6647	C9.2.199
6648	6651	C9.2.200
6652	6654	C9.2.201
6655	6657	C9.2.202
6658	6660	C9.2.203
6661	6662	C9.2.204
6663	6665	C9.2.205
6666	6667	C9.2.206
6668	6670	C9.2.207
6671	6673	C9.2.208
6674	6676	C9.2.209
6677	6679	C9.2.210
6680	6684	C9.2.211
6685	6688	C9.2.212
6689	6691	C9.2.213
6692	6694	C9.2.214
6695	6697	C9.2.215
6698	6700	C9.2.216
6701	6705	C9.2.217
6706	6709	C9.2.218
6710	6712	C9.2.219
6713	6716	C9.2.220
6717	6722	C9.2.221
6723	6726	C9.2.222
6727	6732	C9.2.223
6733	6734	C9.2.224
6735	6737	C9.2.225
6738	6739	C9.2.226
6740	6742	C9.2.227
6743	6743	C9.2.228
6744	6745	C9.2.229
6746	6747	C9.2.230
6748	6748	C9.2.231
6749	6750	C9.2.232
6751	6752	C9.2.233
6753	6754	C9.2.234
6755	6757	C9.2.235
6758	6759	C9.2.236
6760	6761	C9.2.237
6762	6763	C9.2.238
6764	6765	C9.2.239
6766	6767	C9.2.240
6768	6769	C9.2.241
6770	6771	C9.2.242
6772	6774	C9.2.243
6775	6777	C9.2.244
6778	6780	C9.2.245
6781	6782	C9.2.246
6783	6785	C9.2.247
6786	6788	C9.2.248
6789	6790	C9.2.249
6791	6793	C9.2.250
6794	6796	C9.2.251
6797	6798	C9.2.252
6799	6800	C9.2.253
6801	6803	C9.2.254
6804	6806	C9.2.255
6807	6808	C9.2.256
6809	6810	C9.2.257
6811	6812	C9.2.258
6813	6815	C9.2.259
6816	6818	C9.2.260
6819	6821	C9.2.261
6822	6824	C9.2.262
6825	6827	C9.2.263
6828	6830	C9.2.264
6831	6833	C9.2.265
6834	6836	C9.2.266
6837	6838	C9.2.267
6839	6840	C9.2.268
6841	6843	C9.2.269
6844	6846	C9.2.270
6847	6849	C9.2.271
6850	6852	C9.2.272
6853	6854	C9.2.273
6855	6857	C9.2.274
6858	6860	C9.2.275
6861	6866	C9.2.276
6867	6872	C9.2.277
6873	6875	C9.2.278
6876	6878	C9.2.279
6879	6881	C9.2.280
6882	6883	C9.2.281
6884	6885	C9.2.282
6886	6887	C9.2.283
6888	6890	C9.2.284
6891	6892	C9.2.285
6893	6894	C9.2.286
6895	6897	C9.2.287
6898	6899	C9.2.288
6900	6902	C9.2.289
6903	6906	C9.2.290
6907	6909	C9.2.291
6910	6912	C9.2.292
6913	6914	C9.2.293
6915	6917	C9.2.294
6918	6919	C9.2.295
6920	6922	C9.2.296
6923	6925	C9.2.297
6926	6928	C9.2.298
6929	6931	C9.2.299
6932	6936	C9.2.300
6937	6940	C9.2.301
6941	6943	C9.2.302
6944	6946	C9.2.303
6947	6949	C9.2.304
6950	6952	C9.2.305
6953	6957	C9.2.306
6958	6961	C9.2.307
6962	6964	C9.2.308
6965	6968	C9.2.309
6969	6974	C9.2.310
6975	6978	C9.2.311
6979	6984	C9.2.312
6985	6986	C9.2.313
6987	6989	C9.2.314
6990	6991	C9.2.315
6992	6994	C9.2.316
6995	6995	C9.2.317
6996	6997	C9.2.318
6998	6999	C9.2.319
7000	7001	C9.2.320
7002	7003	C9.2.321
7004	7005	C9.2.322
7006	7007	C9.2.323
7008	7010	C9.2.324
7011	7013	C9.2.325
7014	7015	C9.2.326
7016	7018	C9.2.327
7019	7021	C9.2.328
7022	7024	C9.2.329
7025	7027	C9.2.330
7028	7033	C9.2.331
7034	7039	C9.2.332
7040	7042	C9.2.333
7043	7045	C9.2.334
7046	7047	C9.2.335
7048	7049	C9.2.336
7050	7051	C9.2.337
7052	7053	C9.2.338
7054	7056	C9.2.339
7057	7058	C9.2.340
7059	7061	C9.2.341
7062	7063	C9.2.342
7064	7065	C9.2.343
7066	7067	C9.2.344
7068	7069	C9.2.345
7070	7071	C9.2.346
7072	7073	C9.2.347
7074	7074	C9.2.348
7075	7076	C9.2.349
7077	7078	C9.2.350
7081	7085	D1.1
7086	7087	D1.2
7088	7089	D1.3
7090	7135	D1.4
7136	7138	D1.5
7139	7141	D1.6
7142	7146	D1.7
7147	7147	D1.8
7148	7148	D1.9
7149	7154	D1.10
7155	7156	D1.11
7157	7160	D2.1
7161	7162	D2.2
7163	7164	D2.3
7165	7165	D2.4
7166	7167	D2.5
7168	7168	D2.6
7169	7170	D2.7
7171	7193	D2.8
7194	7211	D2.9
7212	7212	D2.10
7213	7227	D2.11
7228	7229	D2.12
7230	7230	D3.1
7231	7232	D3.2
7233	7233	D3.3
7234	7235	D3.4
7236	7242	D4.1
7243	7246	D4.2
7247	7262	D4.3
7263	7271	D4.4
7272	7315	D4.5
7316	7346	D4.6
7347	7348	D5.1
7349	7351	D5.2
7352	7476	D5.3
7477	7479	D6.1
7480	7484	D6.2
7485	7492	D6.3
7493	7497	D6.4
7498	7512	D6.5
7513	7516	D6.6
7517	7517	D6.7
7518	7518	D6.8
7519	7519	D6.9
7520	7523	D6.10
7524	7526	D6.11
7527	7527	D7.1
7528	7528	D7.2
7529	7529	D7.3
7530	7531	D7.4
7532	7561	D7.5
7562	7563	D7.6
7564	7564	D7.7
7565	7568	D7.8
7569	7584	D8.1
7585	7622	D8.2
7623	7642	D8.3
7643	7668	D8.4
7669	7683	D8.5
7684	7692	D8.6
7693	7697	D8.7
7698	7699	D8.8
7700	7701	D8.9
7702	7707	D8.10
7708	7709	D8.11
7710	7712	D8.12
7713	7719	D8.13
7720	7727	D8.14
7728	7740	D8.15
7741	7745	D8.16
7746	7764	D8.17
7765	7766	D8.18
7767	7769	D8.19
7770	7770	D9.1
7771	7771	D9.2
7772	7772	D9.3
7773	7774	D9.4
7775	7776	D9.5
7777	7781	D9.6
7782	7783	D9.7
7784	7785	D9.8
7786	7786	D10.1
7787	7787	D10.2
7788	7789	D10.3
7790	7791	D10.4
7792	7792	D10.5
7793	7794	D10.6
7795	7797	D10.7
7798	7798	D11.1
7799	7799	D11.2
7800	7802	D11.3
7803	7806	D11.4
7807	7808	D11.5
7809	7809	D11.6
7810	7812	D11.7
7813	7813	D11.8
7814	7819	D11.9
7820	7821	D11.10
7822	7826	D12.1
7827	7835	D12.2
7836	7839	D13.1
7840	7842	D13.2
7843	7849	D13.3
7850	7851	D13.4
7852	7856	D13.5
7857	7858	D13.6
7859	7860	D13.7
7861	7865	D13.8
7866	7869	D13.9
7870	7870	D13.10
7871	7872	D13.11
7873	7874	D13.12
7875	7886	D14.1
7887	7940	D14.2
7941	8142	D14.3
8143	8144	D14.4
8145	8149	D14.5
8150	8151	D14.6
8152	8157	D14.7
8158	8159	D14.8
8160	8160	D15.1
8161	8162	D15.2
8163	8164	D15.3
8165	8166	D15.4
8167	8167	D16.1
8168	8169	D16.2
8170	8171	D16.3
8172	8173	D17.1
8174	8174	D17.2
8175	8177	D17.3
8178	8179	D17.4
8180	8182	D17.5
8183	8196	D17.6
8197	8203	D17.7
8204	8214	D17.8
8215	8217	D17.9
8218	8220	D18.1
8221	8262	D18.2
8263	8267	D19.1
8268	8272	D19.2
8273	8275	D19.3
8276	8277	D19.4
8278	8280	D19.5
8281	8282	D20.1
8283	8287	D20.2
8288	8288	D20.3
8289	8297	D20.4
8298	8303	D20.5
8304	8304	D20.6
8305	8309	D20.7
8310	8313	D21.1
8314	8317	D21.2
8318	8320	D21.3
8321	8321	D21.4
8322	8323	D21.5
8324	8325	D21.6
8326	8328	D21.7
8329	8329	D21.8
8330	8330	D21.9
8331	8332	D21.10
8333	8333	D22.1
8334	8334	D22.2
8335	8335	D22.3
8336	8337	D22.4
8338	8338	D22.5
8339	8339	D22.6
8340	8341	D22.7
8342	8342	D23.1
8343	8347	D23.2
8348	8365	D23.3
8366	8374	D24.1
8375	8375	D24.2
8376	8377	D24.2.1
8378	8382	D24.2.2
8383	8385	D24.2.3
8386	8387	D24.2.4
8388	8391	D24.2.5
8392	8395	D24.2.6
8396	8398	D24.2.7
8399	8401	D24.2.8
8402	8403	D24.2.9
8404	8406	D24.2.10
8407	8409	D24.2.11
8410	8411	D24.2.12
8412	8413	D24.2.13
8414	8417	D24.2.14
8418	8421	D24.2.15
8422	8423	D24.2.16
8424	8426	D24.2.17
8427	8429	D24.2.18
8430	8431	D24.2.19
8432	8433	D24.2.20
8434	8435	D24.2.21
8436	8437	D24.2.22
8438	8439	D24.2.23
8440	8441	D24.2.24
8442	8443	D24.2.25
8444	8445	D24.2.26
8446	8447	D24.2.27
8448	8449	D24.2.28
8450	8451	D24.2.29
8452	8453	D24.2.30
8454	8455	D24.2.31
8456	8458	D24.2.32
8459	8462	D24.2.33
8463	8465	D24.2.34
8466	8468	D24.2.35
8469	8477	D24.2.36
8478	8484	D24.2.37
8485	8496	D24.2.38
8497	8501	D24.2.39
8502	8510	D24.2.40
8511	8513	D24.2.41
8514	8517	D24.2.42
8518	8519	D24.2.43
8520	8521	D24.2.44
8522	8593	D24.2.45
8594	8669	D24.2.46
8670	8738	D24.2.47
8739	8744	D24.2.48
8745	8749	D24.2.49
8750	8752	D24.2.50
8753	8762	D24.2.51
8763	8769	D24.2.52
8770	8772	D24.2.53
8773	8774	D24.2.54
8775	8778	D24.2.55
8779	8789	D24.2.56
8790	8792	D24.2.57
8793	8795	D24.2.58
8796	8798	D24.2.59
8799	8800	D24.2.60
8801	8805	D24.2.61
8806	8841	D24.2.62
8842	8858	D24.2.63
8859	8861	D24.2.64
8862	8864	D24.2.65
8865	8879	D24.2.66
8880	8910	D24.2.67
8911	8924	D24.2.68
8925	8952	D24.2.69
8953	8955	D24.2.70
8956	8985	D24.2.71
8986	8995	D24.2.72
8996	9025	D24.2.73
9026	9034	D24.2.74
9035	9059	D24.2.75
9060	9063	D24.2.76
9064	9066	D24.2.77
9067	9068	D24.2.78
9069	9070	D24.2.79
9071	9080	D24.2.80
9081	9086	D24.2.81
9087	9090	D24.2.82
9091	9095	D24.2.83
9096	9102	D24.2.84
9103	9112	D24.2.85
9113	9120	D24.2.86
9121	9126	D24.2.87
9127	9133	D24.2.88
9134	9141	D24.2.89
9142	9149	D24.2.90
9150	9157	D24.2.91
9158	9163	D24.2.92
9164	9172	D24.2.93
9173	9181	D24.2.94
9182	9185	D24.2.95
9186	9196	D24.2.96
9197	9203	D24.2.97
9204	9205	D24.2.98
9206	9211	D24.2.99
9212	9214	D24.2.100
9215	9218	D24.2.101
9219	9223	D24.2.102
9224	9228	D24.2.103
9229	9233	D24.2.104
9234	9238	D24.2.105
9239	9243	D24.2.106
9244	9248	D24.2.107
9249	9253	D24.2.108
9254	9259	D24.2.109
9260	9264	D24.2.110
9265	9269	D24.2.111
9270	9274	D24.2.112
9275	9277	D24.2.113
9278	9282	D24.2.114
9283	9288	D24.2.115
9289	9292	D24.2.116
9293	9298	D24.2.117
9299	9302	D24.2.118
9303	9305	D24.2.119
9306	9308	D24.2.120
9309	9310	D24.2.121
9311	9313	D24.2.122
9314	9317	D24.2.123
9318	9322	D24.2.124
9323	9327	D24.2.125
9328	9330	D24.2.126
9331	9335	D24.2.127
9336	9340	D24.2.128
9341	9343	D24.2.129
9344	9345	D24.2.130
9346	9347	D24.2.131
9348	9349	D24.2.132
9350	9351	D24.2.133
9352	9353	D24.2.134
9354	9355	D24.2.135
9356	9360	D24.2.136
9361	9363	D24.2.137
9364	9366	D24.2.138
9367	9371	D24.2.139
9372	9377	D24.2.140
9378	9380	D24.2.141
9381	9409	D24.2.142
9410	9414	D24.2.143
9415	9418	D24.2.144
9419	9422	D24.2.145
9423	9426	D24.2.146
9427	9428	D24.2.147
9429	9432	D24.2.148
9433	9436	D24.2.149
9437	9439	D24.2.150
9440	9443	D24.2.151
9444	9447	D24.2.152
9448	9449	D24.2.153
9450	9454	D24.2.154
9455	9459	D24.2.155
9460	9461	D24.2.156
9462	9464	D24.2.157
9465	9466	D24.2.158
9467	9468	D24.2.159
9469	9470	D24.2.160
9471	9472	D24.2.161
9473	9474	D24.2.162
9475	9475	D24.2.163
9476	9476	D24.2.164
9477	9477	D24.2.165
9478	9480	D24.2.166
9481	9483	D24.2.167
9484	9488	D24.2.168
9489	9516	D24.2.169
9517	9528	D24.2.170
9529	9538	D24.2.171
9539	9543	D24.2.172
9544	9551	D24.2.173
9552	9559	D24.2.174
9560	9588	D24.2.175
9589	9617	D24.2.176
9618	9630	D24.2.177
9631	9654	D24.2.178
9655	9677	D24.2.179
9678	9680	D24.2.180
9681	9684	D24.2.181
9685	9688	D24.2.182
9689	9690	D24.2.183
9691	9696	D24.2.184
9697	9701	D24.2.185
9702	9704	D24.2.186
9705	9708	D24.2.187
9709	9711	D24.2.188
9712	9716	D24.2.189
9717	9730	D24.2.190
9731	9744	D24.2.191
9745	9754	D24.2.192
9755	9767	D24.2.193
9768	9789	D24.2.194
9790	9819	D24.2.195
9820	9833	D24.2.196
9834	9852	D24.2.197
9853	9877	D24.2.198
9878	9883	D24.2.199
9884	9888	D24.2.200
9889	9890	D24.2.201
9891	9893	D24.2.202
9894	9896	D24.2.203
9897	9898	D24.2.204
9899	9900	D24.2.205
9901	9902	D24.2.206
9903	9904	D24.2.207
9905	9906	D24.2.208
9907	9916	D24.2.209
9917	9925	D24.2.210
9926	9930	D24.2.211
9931	9940	D24.2.212
9941	9949	D24.2.213
9950	9953	D24.2.214
9954	9957	D24.2.215
9958	9959	D24.2.216
9960	9961	D24.2.217
9962	9963	D24.2.218
9964	9967	D24.2.219
9968	9969	D24.2.220
9970	9973	D24.2.221
9974	9978	D24.2.222
9979	9983	D24.2.223
9984	9998	D24.2.224
9999	10006	D24.2.225
10007	10011	D24.2.226
10012	10016	D24.2.227
10017	10018	D24.2.228
10019	10182	D24.3
10183	10518	D24.4
10519	10759	D24.5
10760	10804	D24.6
10805	10940	D24.7
10941	10990	D24.8
10991	11048	D24.9
11049	11179	D24.10
11180	11210	D24.11
11211	11310	D24.12
11313	11313	E1.1
11314	11326	E1.2
11327	11344	E1.3
11345	11345	E1.4
11346	11347	E1.5
11348	11349	E2.1
11350	11353	E2.2
11354	11364	E2.3
11365	11365	E2.4
11366	11370	E2.5
11371	11372	E2.6
11373	11376	E2.7
11377	11386	E2.8
11387	11389	E2.9
11390	11399	E2.10
11402	11404	F1.1
11405	11405	F1.2
11406	11407	F1.3
11408	11409	F1.4
11410	11410	F1.5
11411	11411	F1.6
11412	11425	F1.7
11426	11426	F1.8
11427	11433	F1.9
11434	11434	F2.1
11435	11436	F2.2
11437	11437	F2.3
11438	11445	F2.4
11446	11446	F2.5
11447	11449	F2.6
11450	11450	F2.7
11451	11451	F2.8
11452	11453	F2.9
11454	11454	F2.10
11455	11456	F2.11
11457	11457	F2.12
11458	11468	F2.13
11469	11471	F2.14
11472	11548	F3.1
11549	11550	F3.2
11551	11617	F4.1
11618	11619	F4.2
11620	11620	F5.1
11621	11623	F5.1.1
11624	11627	F5.1.2
11628	11629	F5.1.3
11630	11631	F5.1.4
11632	11636	F5.1.5
11637	11642	F5.1.6
11643	11644	F5.1.7
11645	11648	F5.1.8
11649	11652	F5.1.9
11653	11656	F5.1.10
11657	11659	F5.1.11
11660	11663	F5.1.12
11664	11665	F5.1.13
11666	11667	F5.1.14
11668	11669	F5.1.15
11670	11671	F5.1.16
11672	11673	F5.1.17
11674	11676	F5.1.18
11677	11678	F5.1.19
11679	11680	F5.1.20
11681	11683	F5.1.21
11684	11687	F5.1.22
11688	11689	F5.1.23
11690	11691	F5.1.24
11692	11694	F5.1.25
11695	11696	F5.1.26
11697	11698	F5.1.27
11699	11700	F5.1.28
11701	11701	F5.1.29
11702	11703	F5.1.30
11704	11705	F5.1.31
11706	11707	F5.1.32
11708	11709	F5.1.33
11710	11712	F5.1.34
11713	11714	F5.1.35
11715	11716	F5.1.36
11717	11720	F5.1.37
11721	11722	F5.1.38
11723	11727	F5.1.39
11728	11730	F5.1.40
11731	11733	F5.1.41
11734	11735	F5.1.42
11736	11736	F5.1.43
11737	11738	F5.1.44
11739	11740	F5.1.45
11741	11742	F5.1.46
11743	11745	F5.1.47
11746	11748	F5.1.48
11749	11751	F5.1.49
11752	11755	F5.1.50
11756	11757	F5.1.51
11758	11759	F5.1.52
11760	11761	F5.1.53
11762	11763	F5.1.54
11764	11765	F5.1.55
11766	11767	F5.1.56
11768	11769	F5.1.57
11770	11771	F5.1.58
11772	11773	F5.1.59
11774	11775	F5.1.60
11776	11777	F5.1.61
11778	11780	F5.1.62
11781	11782	F5.1.63
11783	11784	F5.1.64
11785	11787	F5.1.65
11788	11790	F5.1.66
11791	11795	F5.1.67
11796	11798	F5.1.68
11799	11800	F5.1.69
11801	11802	F5.1.70
11803	11806	F5.1.71
11807	11808	F5.1.72
11809	11813	F5.1.73
11814	11816	F5.1.74
11817	11820	F5.1.75
11821	11825	F5.1.76
11826	11828	F5.1.77
11829	11831	F5.1.78
11832	11835	F5.1.79
11836	11839	F5.1.80
11840	11842	F5.1.81
11843	11845	F5.1.82
11846	11847	F5.1.83
11848	11849	F5.1.84
11850	11852	F5.1.85
11853	11854	F5.1.86
11855	11859	F5.1.87
11860	11862	F5.1.88
11863	11865	F5.1.89
11866	11869	F5.1.90
11870	11873	F5.1.91
11874	11876	F5.1.92
11877	11879	F5.1.93
11880	11883	F5.1.94
11884	11887	F5.1.95
11888	11890	F5.1.96
11891	11893	F5.1.97
11894	11897	F5.1.98
11898	11901	F5.1.99
11902	11903	F5.1.100
11904	11905	F5.1.101
11906	11908	F5.1.102
11909	11910	F5.1.103
11911	11912	F5.1.104
11913	11914	F5.1.105
11915	11916	F5.1.106
11917	11918	F5.1.107
11919	11920	F5.1.108
11921	11922	F5.1.109
11923	11924	F5.1.110
11925	11926	F5.1.111
11927	11930	F5.1.112
11931	11937	F5.1.113
11938	11942	F5.1.114
11943	11944	F5.1.115
11945	11946	F5.1.116
11947	11949	F5.1.117
11950	11951	F5.1.118
11952	11956	F5.1.119
11957	11960	F5.1.120
11961	11962	F5.1.121
11963	11965	F5.1.122
11966	11968	F5.1.123
11969	11971	F5.1.124
11972	11975	F5.1.125
11976	11977	F5.1.126
11978	11979	F5.1.127
11980	11981	F5.1.128
11982	11983	F5.1.129
11984	11986	F5.1.130
11987	11990	F5.1.131
11991	11992	F5.1.132
11993	11995	F5.1.133
11996	11998	F5.1.134
11999	12000	F5.1.135
12001	12003	F5.1.136
12004	12006	F5.1.137
12007	12009	F5.1.138
12010	12011	F5.1.139
12012	12013	F5.1.140
12014	12015	F5.1.141
12016	12016	F5.1.142
12017	12018	F5.1.143
12019	12020	F5.1.144
12021	12022	F5.1.145
12023	12024	F5.1.146
12025	12026	F5.1.147
12027	12028	F5.1.148
12029	12030	F5.1.149
12031	12032	F5.1.150
12033	12034	F5.1.151
12035	12036	F5.1.152
12037	12038	F5.1.153
12039	12040	F5.1.154
12041	12042	F5.1.155
12043	12044	F5.1.156
12045	12046	F5.1.157
12047	12048	F5.1.158
12049	12050	F5.1.159
12051	12053	F5.1.160
12054	12055	F5.1.161
12056	12057	F5.1.162
12058	12059	F5.1.163
12060	12061	F5.1.164
12062	12063	F5.1.165
12064	12065	F5.1.166
12066	12068	F5.1.167
12069	12072	F5.1.168
12073	12074	F5.1.169
12075	12076	F5.1.170
12077	12079	F5.1.171
12080	12081	F5.1.172
12082	12083	F5.1.173
12084	12085	F5.1.174
12086	12087	F5.1.175
12088	12089	F5.1.176
12090	12092	F5.1.177
12093	12096	F5.1.178
12097	12098	F5.1.179
12099	12100	F5.1.180
12101	12102	F5.1.181
12103	12104	F5.1.182
12105	12106	F5.1.183
12107	12107	F5.1.184
12108	12109	F5.1.185
12110	12111	F5.1.186
12112	12113	F5.1.187
12114	12115	F5.1.188
12116	12117	F5.1.189
12118	12119	F5.1.190
12120	12121	F5.1.191
12122	12123	F5.1.192
12124	12125	F5.1.193
12126	12128	F5.1.194
12129	12130	F5.1.195
12131	12132	F5.1.196
12133	12135	F5.1.197
12136	12138	F5.1.198
12139	12140	F5.1.199
12141	12142	F5.1.200
12143	12145	F5.1.201
12146	12147	F5.1.202
12148	12149	F5.1.203
12150	12151	F5.1.204
12152	12153	F5.1.205
12154	12156	F5.1.206
12157	12158	F5.1.207
12159	12160	F5.1.208
12161	12162	F5.1.209
12163	12166	F5.1.210
12167	12168	F5.1.211
12169	12170	F5.1.212
12171	12172	F5.1.213
12173	12173	F5.1.214
12174	12175	F5.1.215
12176	12177	F5.1.216
12178	12180	F5.1.217
12181	12182	F5.1.218
12183	12184	F5.1.219
12185	12187	F5.1.220
12188	12190	F5.1.221
12191	12193	F5.1.222
12194	12196	F5.1.223
12197	12198	F5.1.224
12199	12202	F5.1.225
12203	12204	F5.1.226
12205	12206	F5.1.227
12207	12210	F5.1.228
12211	12212	F5.1.229
12213	12217	F5.1.230
12218	12221	F5.1.231
12222	12226	F5.1.232
12227	12230	F5.1.233
12231	12235	F5.1.234
12236	12239	F5.1.235
12240	12242	F5.1.236
12243	12245	F5.1.237
12246	12248	F5.1.238
12249	12251	F5.1.239
12252	12254	F5.1.240
12255	12259	F5.1.241
12260	12263	F5.1.242
12264	12267	F5.1.243
12268	12271	F5.1.244
12272	12273	F5.1.245
12274	12278	F5.1.246
12279	12282	F5.1.247
12283	12284	F5.1.248
12285	12287	F5.1.249
12288	12291	F5.1.250
12292	12293	F5.1.251
12294	12295	F5.1.252
12296	12297	F5.1.253
12298	12299	F5.1.254
12300	12301	F5.1.255
12302	12303	F5.1.256
12304	12305	F5.1.257
12306	12307	F5.1.258
12308	12309	F5.1.259
12310	12312	F5.1.260
12313	12314	F5.1.261
12315	12316	F5.1.262
12317	12318	F5.1.263
12319	12321	F5.1.264
12322	12323	F5.1.265
12324	12325	F5.1.266
12326	12327	F5.1.267
12328	12329	F5.1.268
12330	12331	F5.1.269
12332	12333	F5.1.270
12334	12335	F5.1.271
12336	12337	F5.1.272
12338	12339	F5.1.273
12340	12341	F5.1.274
12342	12343	F5.1.275
12344	12345	F5.1.276
12346	12347	F5.1.277
12348	12349	F5.1.278
12350	12351	F5.1.279
12352	12353	F5.1.280
12354	12355	F5.1.281
12356	12357	F5.1.282
12358	12359	F5.1.283
12360	12361	F5.1.284
12362	12363	F5.1.285
12364	12365	F5.1.286
12366	12367	F5.1.287
12368	12369	F5.1.288
12370	12371	F5.1.289
12372	12373	F5.1.290
12374	12375	F5.1.291
12376	12377	F5.1.292
12378	12379	F5.1.293
12380	12381	F5.1.294
12382	12383	F5.1.295
12384	12385	F5.1.296
12386	12388	F5.1.297
12389	12390	F5.1.298
12391	12393	F5.1.299
12394	12395	F5.1.300
12396	12397	F5.1.301
12398	12399	F5.1.302
12400	12404	F5.2
12405	12405	F6.1
12406	12407	F6.1.1
12408	12409	F6.1.2
12410	12411	F6.1.3
12412	12413	F6.1.4
12414	12416	F6.1.5
12417	12419	F6.1.6
12420	12421	F6.1.7
12422	12423	F6.1.8
12424	12425	F6.1.9
12426	12427	F6.1.10
12428	12429	F6.1.11
12430	12431	F6.1.12
12432	12433	F6.1.13
12434	12435	F6.1.14
12436	12437	F6.1.15
12438	12439	F6.1.16
12440	12442	F6.1.17
12443	12445	F6.1.18
12446	12448	F6.1.19
12449	12451	F6.1.20
12452	12454	F6.1.21
12455	12459	F6.1.22
12460	12462	F6.1.23
12463	12465	F6.1.24
12466	12467	F6.1.25
12468	12469	F6.1.26
12470	12474	F6.1.27
12475	12477	F6.1.28
12478	12479	F6.1.29
12480	12481	F6.1.30
12482	12483	F6.1.31
12484	12485	F6.1.32
12486	12488	F6.1.33
12489	12491	F6.1.34
12492	12493	F6.1.35
12494	12496	F6.1.36
12497	12499	F6.1.37
12500	12502	F6.1.38
12503	12505	F6.1.39
12506	12508	F6.1.40
12509	12512	F6.1.41
12513	12515	F6.1.42
12516	12520	F6.1.43
12521	12523	F6.1.44
12524	12528	F6.1.45
12529	12531	F6.1.46
12532	12535	F6.1.47
12536	12538	F6.1.48
12539	12541	F6.1.49
12542	12545	F6.1.50
12546	12548	F6.1.51
12549	12552	F6.1.52
12553	12556	F6.1.53
12557	12561	F6.1.54
12562	12566	F6.1.55
12567	12568	F6.1.56
12569	12570	F6.1.57
12571	12572	F6.1.58
12573	12574	F6.1.59
12575	12577	F6.1.60
12578	12581	F6.1.61
12582	12584	F6.1.62
12585	12587	F6.1.63
12588	12591	F6.1.64
12592	12594	F6.1.65
12595	12597	F6.1.66
12598	12600	F6.1.67
12601	12602	F6.1.68
12603	12605	F6.1.69
12606	12608	F6.1.70
12609	12611	F6.1.71
12612	12614	F6.1.72
12615	12617	F6.1.73
12618	12620	F6.1.74
12621	12624	F6.1.75
12625	12627	F6.1.76
12628	12629	F6.1.77
12630	12632	F6.1.78
12633	12635	F6.1.79
12636	12638	F6.1.80
12639	12640	F6.1.81
12641	12642	F6.1.82
12643	12644	F6.1.83
12645	12647	F6.1.84
12648	12650	F6.1.85
12651	12655	F6.1.86
12656	12657	F6.1.87
12658	12659	F6.1.88
12660	12662	F6.1.89
12663	12665	F6.1.90
12666	12670	F6.1.91
12671	12673	F6.1.92
12674	12676	F6.1.93
12677	12679	F6.1.94
12680	12682	F6.1.95
12683	12685	F6.1.96
12686	12688	F6.1.97
12689	12690	F6.1.98
12691	12692	F6.1.99
12693	12698	F6.1.100
12699	12702	F6.1.101
12703	12711	F6.1.102
12712	12719	F6.1.103
12720	12723	F6.1.104
12724	12729	F6.1.105
12730	12737	F6.1.106
12738	12741	F6.1.107
12742	12745	F6.1.108
12746	12753	F6.1.109
12754	12757	F6.1.110
12758	12761	F6.1.111
12762	12767	F6.1.112
12768	12770	F6.1.113
12771	12774	F6.1.114
12775	12777	F6.1.115
12778	12780	F6.1.116
12781	12785	F6.1.117
12786	12788	F6.1.118
12789	12791	F6.1.119
12792	12796	F6.1.120
12797	12801	F6.1.121
12802	12804	F6.1.122
12805	12807	F6.1.123
12808	12810	F6.1.124
12811	12813	F6.1.125
12814	12818	F6.1.126
12819	12821	F6.1.127
12822	12824	F6.1.128
12825	12827	F6.1.129
12828	12830	F6.1.130
12831	12832	F6.1.131
12833	12835	F6.1.132
12836	12838	F6.1.133
12839	12846	F6.1.134
12847	12848	F6.1.135
12849	12850	F6.1.136
12851	12852	F6.1.137
12853	12854	F6.1.138
12855	12857	F6.1.139
12858	12859	F6.1.140
12860	12861	F6.1.141
12862	12863	F6.1.142
12864	12865	F6.1.143
12866	12868	F6.1.144
12869	12871	F6.1.145
12872	12876	F6.1.146
12877	12879	F6.1.147
12880	12882	F6.1.148
12883	12885	F6.1.149
12886	12888	F6.1.150
12889	12892	F6.1.151
12893	12894	F6.1.152
12895	12899	F6.1.153
12900	12902	F6.1.154
12903	12905	F6.1.155
12906	12908	F6.1.156
12909	12910	F6.1.157
12911	12913	F6.1.158
12914	12916	F6.1.159
12917	12919	F6.1.160
12920	12922	F6.1.161
12923	12924	F6.1.162
12925	12927	F6.1.163
12928	12930	F6.1.164
12931	12932	F6.1.165
12933	12935	F6.1.166
12936	12937	F6.1.167
12938	12940	F6.1.168
12941	12943	F6.1.169
12944	12946	F6.1.170
12947	12949	F6.1.171
12950	12952	F6.1.172
12953	12956	F6.1.173
12957	12960	F6.1.174
12961	12964	F6.1.175
12965	12968	F6.1.176
12969	12971	F6.1.177
12972	12974	F6.1.178
12975	12979	F6.1.179
12980	12984	F6.1.180
12985	12988	F6.1.181
12989	12991	F6.1.182
12992	12994	F6.1.183
12995	12996	F6.1.184
12997	12998	F6.1.185
12999	13002	F6.1.186
13003	13005	F6.1.187
13006	13008	F6.1.188
13009	13010	F6.1.189
13011	13012	F6.1.190
13013	13015	F6.1.191
13016	13017	F6.1.192
13018	13020	F6.1.193
13021	13023	F6.1.194
13024	13026	F6.1.195
13027	13029	F6.1.196
13030	13032	F6.1.197
13033	13035	F6.1.198
13036	13038	F6.1.199
13039	13041	F6.1.200
13042	13044	F6.1.201
13045	13047	F6.1.202
13048	13050	F6.1.203
13051	13053	F6.1.204
13054	13056	F6.1.205
13057	13059	F6.1.206
13060	13062	F6.1.207
13063	13065	F6.1.208
13066	13068	F6.1.209
13069	13071	F6.1.210
13072	13074	F6.1.211
13075	13077	F6.1.212
13078	13080	F6.1.213
13081	13082	F6.1.214
13083	13084	F6.1.215
13085	13086	F6.1.216
13087	13089	F6.1.217
13090	13092	F6.1.218
13093	13095	F6.1.219
13096	13097	F6.1.220
13098	13100	F6.1.221
13101	13103	F6.1.222
13104	13107	F6.1.223
13108	13110	F6.1.224
13111	13113	F6.1.225
13114	13116	F6.1.226
13117	13119	F6.1.227
13120	13121	F6.1.228
13122	13123	F6.1.229
13124	13125	F6.1.230
13126	13128	F6.1.231
13129	13130	F6.1.232
13131	13133	F6.1.233
13134	13136	F6.1.234
13137	13139	F6.1.235
13140	13145	F6.1.236
13146	13154	F6.1.237
13155	13162	F6.1.238
13163	13168	F6.1.239
13169	13176	F6.1.240
13177	13180	F6.1.241
13181	13188	F6.1.242
13189	13192	F6.1.243
13193	13198	F6.1.244
13199	13201	F6.1.245
13202	13206	F6.1.246
13207	13209	F6.1.247
13210	13211	F6.1.248
13212	13213	F6.1.249
13214	13215	F6.1.250
13216	13218	F6.1.251
13219	13220	F6.1.252
13221	13223	F6.1.253
13224	13226	F6.1.254
13227	13229	F6.1.255
13230	13232	F6.1.256
13233	13235	F6.1.257
13236	13237	F6.1.258
13238	13239	F6.1.259
13240	13242	F6.1.260
13243	13244	F6.1.261
13245	13247	F6.1.262
13248	13249	F6.1.263
13250	13252	F6.1.264
13253	13254	F6.1.265
13257	13257	G1.1
13258	13258	G1.2
13259	13260	G1.3
13261	13262	G1.4
13263	13263	G1.5
13264	13266	G1.6
13267	13268	G1.7
13269	13270	G1.8
13271	13276	G1.9
13277	13279	G1.10
13280	13285	G1.11
13286	13287	G1.12
13288	13305	G1.13
13306	13307	G1.14
13308	13312	G1.15
13313	13320	G1.16
13321	13342	G1.17
13343	13344	G1.18
13345	13349	G1.19
13350	13352	G1.20
13353	13356	G1.21
13357	13362	G1.22
13363	13366	G2.1
13367	13368	G2.2
13369	13370	G2.3
13371	13371	G2.4
13372	13373	G2.5
13374	13374	G2.6
13375	13377	G2.7
13378	13401	G2.8
13402	13414	G2.9
13415	13422	G2.10
13423	13425	G2.11
13426	13427	G3.1
13428	13428	G3.2
13429	13429	G3.3
13430	13431	G3.4
13432	13432	G4.1
13433	13433	G4.2
13434	13434	G4.3
13435	13458	G4.4
13459	13459	G4.5
13460	13461	G4.6
13462	13462	G4.7
13463	13466	G4.8
13467	13474	G5.1
13475	13478	G5.2
13479	13483	G5.3
13484	13492	G5.4
13493	13511	G5.5
13512	13522	G5.6
13523	13534	G5.7
13535	13538	G5.8
13539	13552	G5.9
13553	13555	G5.10
13556	13567	G5.11
13568	13585	G5.12
13586	13591	G5.13
13592	13594	G5.14
13595	13599	G5.15
13600	13601	G5.16
13602	13606	G6.1
13607	13615	G6.2
13616	13616	G7.1
13617	13619	G7.2
13620	13633	G7.3
13634	13648	G8.1
13649	13649	G8.2
13650	13652	G8.2.1
13653	13655	G8.2.2
13656	13658	G8.2.3
13659	13660	G8.2.4
13661	13663	G8.2.5
13664	13666	G8.2.6
13667	13669	G8.2.7
13670	13672	G8.2.8
13673	13674	G8.2.9
13675	13676	G8.2.10
13677	13678	G8.2.11
13679	13680	G8.2.12
13681	13682	G8.2.13
13683	13684	G8.2.14
13685	13686	G8.2.15
13687	13688	G8.2.16
13689	13689	G8.2.17
13690	13690	G8.2.18
13691	13692	G8.2.19
13693	13694	G8.2.20
13695	13695	G8.2.21
13696	13696	G8.2.22
13697	13697	G8.2.23
13698	13700	G8.2.24
13701	13702	G8.2.25
13703	13706	G8.2.26
13707	13709	G8.2.27
13710	13712	G8.2.28
13713	13716	G8.2.29
13717	13718	G8.2.30
13719	13720	G8.2.31
13721	13722	G8.2.32
13723	13727	G8.2.33
13728	13731	G8.2.34
13732	13735	G8.2.35
13736	13738	G8.2.36
13739	13741	G8.2.37
13742	13744	G8.2.38
13745	13746	G8.2.39
13747	13748	G8.2.40
13749	13750	G8.2.41
13751	13752	G8.2.42
13753	13754	G8.2.43
13755	13756	G8.2.44
13757	13758	G8.2.45
13759	13761	G8.2.46
13762	13770	G8.2.47
13771	13772	G8.2.48
13773	13774	G8.2.49
13775	13776	G8.2.50
13777	13780	G8.2.51
13781	13781	G8.2.52
13782	13783	G8.2.53
13784	13791	G8.2.54
13792	13801	G8.2.55
13802	13805	G8.2.56
13806	13807	G8.2.57
13808	13809	G8.2.58
13810	13811	G8.2.59
13812	13813	G8.2.60
13814	13815	G8.2.61
13816	13817	G8.2.62
13818	13819	G8.2.63
13820	13825	G8.2.64
13826	13840	G8.2.65
13841	13846	G8.2.66
13847	13848	G8.2.67
13849	13850	G8.2.68
13851	13853	G8.2.69
13854	13856	G8.2.70
13857	13858	G8.2.71
13859	13860	G8.2.72
13861	13868	G8.2.73
13869	13893	G8.2.74
13894	13896	G8.2.75
13897	13902	G8.2.76
13903	13904	G8.2.77
13905	13907	G8.2.78
13908	13909	G8.2.79
13910	13911	G8.2.80
13912	13913	G8.2.81
13914	13915	G8.2.82
13916	13917	G8.2.83
13918	13923	G8.2.84
13924	13926	G8.2.85
13927	13930	G8.2.86
13931	13934	G8.2.87
13935	13939	G8.2.88
13940	13943	G8.2.89
13944	13947	G8.2.90
13948	13951	G8.2.91
13952	13955	G8.2.92
13956	13960	G8.2.93
13961	13965	G8.2.94
13966	13970	G8.2.95
13971	13975	G8.2.96
13976	13980	G8.2.97
13981	13983	G8.2.98
13984	13988	G8.2.99
13989	13993	G8.2.100
13994	13996	G8.2.101
13997	13999	G8.2.102
14000	14006	G8.2.103
14007	14009	G8.2.104
14010	14011	G8.2.105
14012	14013	G8.2.106
14014	14015	G8.2.107
14016	14017	G8.2.108
14018	14019	G8.2.109
14020	14021	G8.2.110
14022	14025	G8.2.111
14026	14029	G8.2.112
14030	14032	G8.2.113
14033	14035	G8.2.114
14036	14038	G8.2.115
14039	14043	G8.2.116
14044	14048	G8.2.117
14049	14051	G8.2.118
14052	14055	G8.2.119
14056	14060	G8.2.120
14061	14073	G8.2.121
14074	14078	G8.2.122
14079	14080	G8.2.123
14081	14082	G8.2.124
14083	14084	G8.2.125
14085	14091	G8.2.126
14092	14103	G8.2.127
14104	14107	G8.2.128
14108	14111	G8.2.129
14112	14115	G8.2.130
14116	14119	G8.2.131
14120	14123	G8.2.132
14124	14127	G8.2.133
14128	14131	G8.2.134
14132	14135	G8.2.135
14136	14137	G8.2.136
14138	14139	G8.2.137
14140	14140	G8.2.138
14141	14142	G8.2.139
14143	14144	G8.2.140
14145	14146	G8.2.141
14147	14148	G8.2.142
14149	14150	G8.2.143
14151	14152	G8.2.144
14153	14154	G8.2.145
14155	14156	G8.2.146
14157	14158	G8.2.147
14159	14160	G8.2.148
14161	14162	G8.2.149
14163	14164	G8.2.150
14165	14166	G8.2.151
14167	14168	G8.2.152
14169	14170	G8.2.153
14171	14172	G8.2.154
14173	14174	G8.2.155
14175	14176	G8.2.156
14177	14178	G8.2.157
14179	14180	G8.2.158
14181	14182	G8.2.159
14183	14184	G8.2.160
14185	14186	G8.2.161
14187	14188	G8.2.162
14189	14191	G8.2.163
14192	14194	G8.2.164
14195	14202	G8.2.165
14203	14209	G8.2.166
14210	14216	G8.2.167
14217	14223	G8.2.168
14224	14226	G8.2.169
14227	14230	G8.2.170
14231	14234	G8.2.171
14235	14239	G8.2.172
14240	14242	G8.2.173
14243	14400	G8.3
14401	14504	G8.4
14505	14545	G8.5
14546	14622	G8.6
14623	14717	G8.7
14720	14721	H1.1
14722	14722	H1.2
14723	14725	H1.3
14726	14726	H2.1
14727	14733	H2.2
14734	14736	H2.3
14737	14770	H2.4
14771	14773	H2.5
14774	14775	H3.1
14776	14785	H3.2
14786	14786	H3.3
14787	14790	H3.4
14791	14793	H3.5
14794	14794	H3.6
14795	14795	H3.7
14796	14796	H3.8
14797	14799	H3.9
14800	14800	H4.1
14801	14804	H4.2
14805	14808	H4.3
14809	14812	H4.4
14813	14817	H4.5
14818	14818	H4.6
14819	14820	H4.7
14821	14822	H5.1
14823	14826	H5.2
14827	14827	H5.3
14828	14831	H5.4
14832	14832	H5.5
14833	14836	H5.6
14837	14837	H6.1
14838	14838	H6.2
14839	14840	H6.3
14841	14841	H6.4
14842	14843	H6.5
14844	14849	H6.6
14850	14852	H6.7
14853	14857	H7.1
14858	14858	H8.1
14859	14859	H8.2
14860	14863	H8.3
14864	14865	H8.4
14866	14869	H8.5
14870	14875	H8.6
14876	14877	H8.7
14878	14881	H8.8
14882	14882	H9.1
14883	15042	H9.2
15043	15234	H9.3
15235	15301	H9.4
15302	15362	H9.5
15365	15366	I1.1
15367	15368	I1.2
15369	15370	I1.3
15371	15372	I2.1
15373	15376	I2.2
15377	15381	I2.3
15382	15389	I3.1
15390	15392	I4.1
15393	15394	I5.1
15395	15399	I5.2
15400	15565	I5.3
15566	15568	I5.4
15569	15632	I5.5
15633	15633	I5.6
15634	15684	I5.7
15687	16041	J1.1
16042	16147	J1.2
16148	16452	J1.3
16455	16475	K1.1
16476	16495	K1.2
16496	16497	K2.1
16498	16499	K3.1
16500	16501	K4.1
16502	16505	K5.1
16506	16506	K5.2
16507	16508	K5.3
16509	16520	K5.4
16521	16522	K6.1
16523	16524	K6.2
16525	16531	K7.1
16532	16545	K8.1
16546	16555	K8.2
16556	16560	K9.1
16561	16562	K10.1
16563	16569	K10.2
16570	16570	K10.3
16571	16572	K10.4
16573	16637	K10.5
16638	16647	K10.6
16648	16648	K10.7
16649	16652	K10.8
16653	16655	K11.1
16656	16658	K11.2
16659	16663	K11.3
16664	16664	K11.4
16665	16677	K11.5
16678	16679	K12.1
16680	16680	K13.1
16681	16682	K13.2
16683	16687	K13.3
16688	16693	K13.4
16694	16698	K13.5
16699	16701	K13.6
16702	16703	K13.7
16704	16707	K13.8
16708	16718	K14.1
16719	16738	K14.2
16739	16758	K14.3
16759	16767	K14.4
16768	16777	K14.5
16778	16790	K14.6
16791	16825	K14.7
